{
    "leaves": [
        {
            "leave_status": 0, 
            "leave_end": "17-06-2020", 
            "leave_balance": 3, 
            "leave_id": 1, 
            "emp_id": 1001, 
            "leave_start": "15-06-2020"
        }, 
        {
            "leave_status": 0, 
            "leave_end": "20-06-2020", 
            "leave_balance": 3, 
            "leave_id": 2, 
            "emp_id": 1004, 
            "leave_start": "16-06-2020"
        }
    ], 
    "peak_periods": [
        "07-07-2020", 
        "08-08-2020", 
        "09-09-2020", 
        "10-10-2020", 
        "11-11-2020", 
        "12-12-2020"
    ], 
    "holidays": [
        "31-07-2020", 
        "10-08-2020", 
        "16-11-2020", 
        "25-12-2020"
    ]
}